{"stats":{"minecraft:mined":{"minecraft:grass_block":2},"minecraft:killed":{"minecraft:villager":7},"minecraft:used":{"minecraft:diamond_sword":19,"minecraft:dirt":2,"minecraft:cobblestone":1},"minecraft:custom":{"minecraft:jump":58,"minecraft:time_since_rest":26603,"minecraft:damage_dealt":1360,"minecraft:crouch_one_cm":157,"minecraft:sprint_one_cm":7459,"minecraft:leave_game":1,"minecraft:play_time":26603,"minecraft:damage_taken":20,"minecraft:time_since_death":26603,"minecraft:walk_one_cm":7248,"minecraft:sneak_time":107,"minecraft:total_world_time":26603,"minecraft:mob_kills":7,"minecraft:fall_one_cm":880,"minecraft:fly_one_cm":30859},"minecraft:picked_up":{"minecraft:dirt":2}},"DataVersion":3465}