{"stats":{"minecraft:mined":{"minecraft:grass_block":2},"minecraft:used":{"minecraft:dirt":2,"minecraft:cobblestone":1},"minecraft:custom":{"minecraft:jump":23,"minecraft:time_since_rest":14603,"minecraft:crouch_one_cm":38,"minecraft:sprint_one_cm":4979,"minecraft:leave_game":1,"minecraft:play_time":14603,"minecraft:damage_taken":20,"minecraft:time_since_death":14603,"minecraft:walk_one_cm":2996,"minecraft:sneak_time":13,"minecraft:total_world_time":14603,"minecraft:fall_one_cm":880,"minecraft:fly_one_cm":16031},"minecraft:picked_up":{"minecraft:dirt":2}},"DataVersion":3465}